SamplingPointID;CodiceRete;CodiceStazione;DataOraAttivazione;DataOraDisattivazione;CodiceInquinante;UsatoAQD;TipoValutazione;Mobile;TipoMisura;LimiteRilevabilita
IT0825A_20_GC-PID_2006-07-26_00:00:00;IT112A;IT0825A;26/07/2006 00:00;01/01/2019 00:00;20;True;fixed;False;automatic;0.1
IT0825A_21_other_2006-07-26_00:00:00;IT112A;IT0825A;26/07/2006 00:00;01/01/2019 00:00;21;False;fixed;False;automatic;0.1
IT0825A_38_chemi_1997-10-01_00:00:00;IT112A;IT0825A;01/10/1997 00:00;01/01/2019 00:00;38;False;fixed;False;automatic;1
IT0825A_431_other_2006-07-26_00:00:00;IT112A;IT0825A;26/07/2006 00:00;01/01/2019 00:00;431;False;fixed;False;automatic;0.1
IT0825A_464_other_2006-07-26_00:00:00;IT112A;IT0825A;26/07/2006 00:00;01/01/2019 00:00;464;False;fixed;False;automatic;0.1
IT0825A_482_other_2006-07-26_00:00:00;IT112A;IT0825A;26/07/2006 00:00;01/01/2019 00:00;482;False;fixed;False;automatic;0.1
IT0825A_5012_GF-AAS_2007-01-10_00:00:00;IT112A;IT0825A;10/01/2007 00:00;01/01/2019 00:00;5012;True;fixed;False;active;0.364
IT0825A_5014_GF-AAS_2007-01-10_00:00:00;IT112A;IT0825A;10/01/2007 00:00;01/01/2019 00:00;5014;True;fixed;False;active;0.091
IT0825A_5015_GF-AAS_2007-01-10_00:00:00;IT112A;IT0825A;10/01/2007 00:00;01/01/2019 00:00;5015;True;fixed;False;active;0.364
IT0825A_5018_GF-AAS_2007-01-10_00:00:00;IT112A;IT0825A;10/01/2007 00:00;01/01/2019 00:00;5018;True;fixed;False;active;0.182
IT0825A_5029_HPLC-FLD_2007-01-10_00:00:00;IT112A;IT0825A;10/01/2007 00:00;01/01/2019 00:00;5029;True;fixed;False;active;0.01
IT0825A_5_BETA_2005-12-01_00:00:00;IT112A;IT0825A;01/12/2005 00:00;01/01/2019 00:00;5;True;fixed;False;automatic;1
IT0825A_6001_BETA_2006-07-26_00:00:00;IT112A;IT0825A;26/07/2006 00:00;01/01/2019 00:00;6001;True;fixed;False;automatic;1
IT0825A_8_chemi_1997-10-01_00:00:00;IT112A;IT0825A;01/10/1997 00:00;01/01/2019 00:00;8;True;fixed;False;automatic;1
IT0825A_9_chemi_1997-10-01_00:00:00;IT112A;IT0825A;01/10/1997 00:00;01/01/2019 00:00;9;False;fixed;False;automatic;0.07649
IT0828A_38_chemi_1993-01-01_00:00:00;IT112A;IT0828A;01/01/1993 00:00;01/01/2019 00:00;38;False;fixed;False;automatic;1
IT0828A_5_BETA_1997-10-01_00:00:00;IT112A;IT0828A;01/10/1997 00:00;01/01/2019 00:00;5;True;fixed;False;automatic;1
IT0828A_8_chemi_1993-01-01_00:00:00;IT112A;IT0828A;01/01/1993 00:00;01/01/2019 00:00;8;True;fixed;False;automatic;1
IT0828A_9_chemi_1993-01-01_00:00:00;IT112A;IT0828A;01/01/1993 00:00;01/01/2019 00:00;9;False;fixed;False;automatic;0.7649
IT0863A_10_NDIR_1998-09-11_00:00:00;IT112A;IT0863A;11/09/1998 00:00;01/01/2019 00:00;10;True;fixed;False;automatic;0.1
IT0863A_1_UV-FL_1992-04-01_00:00:00;IT112A;IT0863A;01/04/1992 00:00;01/01/2019 00:00;1;True;fixed;False;automatic;1.5
IT0863A_20_GC-PID_1998-09-11_00:00:00;IT112A;IT0863A;11/09/1998 00:00;01/01/2019 00:00;20;True;fixed;False;automatic;0.1
IT0863A_21_other_1998-09-11_00:00:00;IT112A;IT0863A;11/09/1998 00:00;01/01/2019 00:00;21;False;fixed;False;automatic;0.1
IT0863A_38_chemi_1992-04-01_00:00:00;IT112A;IT0863A;01/04/1992 00:00;01/01/2019 00:00;38;False;fixed;False;automatic;1
IT0863A_431_other_1998-09-11_00:00:00;IT112A;IT0863A;11/09/1998 00:00;01/01/2019 00:00;431;False;fixed;False;automatic;0.1
IT0863A_464_other_1998-09-11_00:00:00;IT112A;IT0863A;11/09/1998 00:00;01/01/2019 00:00;464;False;fixed;False;automatic;0.1
IT0863A_482_other_1998-09-11_00:00:00;IT112A;IT0863A;11/09/1998 00:00;01/01/2019 00:00;482;False;fixed;False;automatic;0.1
IT0863A_5_BETA_1998-09-11_00:00:00;IT112A;IT0863A;11/09/1998 00:00;01/01/2019 00:00;5;True;fixed;False;automatic;1
IT0863A_6001_BETA_2010-06-15_00:00:00;IT112A;IT0863A;15/06/2010 00:00;01/01/2019 00:00;6001;True;fixed;False;automatic;1
IT0863A_7_UV-P_2010-03-24_00:00:00;IT112A;IT0863A;24/03/2010 00:00;01/01/2019 00:00;7;True;fixed;False;automatic;1.2
IT0863A_8_chemi_1992-04-01_00:00:00;IT112A;IT0863A;01/04/1992 00:00;01/01/2019 00:00;8;True;fixed;False;automatic;1
IT0863A_9_chemi_1992-04-01_00:00:00;IT112A;IT0863A;01/04/1992 00:00;01/01/2019 00:00;9;False;fixed;False;automatic;0.7649
IT0865A_38_chemi_1993-01-02_00:00:00;IT112A;IT0865A;02/01/1993 00:00;01/01/2019 00:00;38;False;fixed;False;automatic;1
IT0865A_5_BETA_2008-03-14_00:00:00;IT112A;IT0865A;14/03/2008 00:00;01/01/2019 00:00;5;True;fixed;False;automatic;0.5
IT0865A_8_chemi_1993-01-02_00:00:00;IT112A;IT0865A;02/01/1993 00:00;01/01/2019 00:00;8;True;fixed;False;automatic;1
IT0865A_9_chemi_1993-01-02_00:00:00;IT112A;IT0865A;02/01/1993 00:00;01/01/2019 00:00;9;False;fixed;False;automatic;0.07649
IT0867A_10_NDIR_1998-11-08_00:00:00;IT112A;IT0867A;08/11/1998 00:00;01/01/2019 00:00;10;True;fixed;False;automatic;0.1
IT0867A_1_UV-FL_1992-04-09_00:00:00;IT112A;IT0867A;09/04/1992 00:00;01/01/2019 00:00;1;True;fixed;False;automatic;1.5
IT0867A_20_GC-PID_1998-11-08_00:00:00;IT112A;IT0867A;08/11/1998 00:00;01/01/2019 00:00;20;True;fixed;False;automatic;0.1
IT0867A_21_other_1998-11-08_00:00:00;IT112A;IT0867A;08/11/1998 00:00;01/01/2019 00:00;21;False;fixed;False;automatic;0.1
IT0867A_38_chemi_1993-01-02_00:00:00;IT112A;IT0867A;02/01/1993 00:00;01/01/2019 00:00;38;False;fixed;False;automatic;1
IT0867A_431_other_1998-11-08_00:00:00;IT112A;IT0867A;08/11/1998 00:00;01/01/2019 00:00;431;False;fixed;False;automatic;0.1
IT0867A_464_other_1998-11-08_00:00:00;IT112A;IT0867A;08/11/1998 00:00;01/01/2019 00:00;464;False;fixed;False;automatic;0.1
IT0867A_482_other_1998-11-08_00:00:00;IT112A;IT0867A;08/11/1998 00:00;01/01/2019 00:00;482;False;fixed;False;automatic;0.1
IT0867A_5012_GF-AAS_2014-01-01_00:00:00;IT112A;IT0867A;01/01/2014 00:00;01/01/2019 00:00;5012;True;fixed;False;active;0.364
IT0867A_5014_GF-AAS_2014-01-01_00:00:00;IT112A;IT0867A;01/01/2014 00:00;01/01/2019 00:00;5014;True;fixed;False;active;0.16
IT0867A_5015_GF-AAS_2014-01-01_00:00:00;IT112A;IT0867A;01/01/2014 00:00;01/01/2019 00:00;5015;True;fixed;False;active;1.3
IT0867A_5018_GF-AAS_2014-01-01_00:00:00;IT112A;IT0867A;01/01/2014 00:00;01/01/2019 00:00;5018;True;fixed;False;active;0.8
IT0867A_5029_GC-MS_2014-01-01_00:00:00;IT112A;IT0867A;01/01/2014 00:00;01/01/2019 00:00;5029;True;fixed;False;active;0.01
IT0867A_5_BETA_2005-11-15_00:00:00;IT112A;IT0867A;15/11/2005 00:00;01/01/2019 00:00;5;True;fixed;False;automatic;1
IT0867A_6001_BETA_2010-06-19_00:00:00;IT112A;IT0867A;19/06/2010 00:00;01/01/2019 00:00;6001;True;fixed;False;automatic;1
IT0867A_7_UV-P_1998-11-08_00:00:00;IT112A;IT0867A;08/11/1998 00:00;01/01/2019 00:00;7;True;fixed;False;automatic;1.2
IT0867A_8_chemi_1992-04-09_00:00:00;IT112A;IT0867A;09/04/1992 00:00;01/01/2019 00:00;8;True;fixed;False;automatic;1
IT0867A_9_chemi_1992-04-09_00:00:00;IT112A;IT0867A;09/04/1992 00:00;01/01/2019 00:00;9;False;fixed;False;automatic;0.07649
IT0869A_38_chemi_1993-01-01_00:00:00;IT112A;IT0869A;01/01/1993 00:00;01/01/2019 00:00;38;False;fixed;False;automatic;1
IT0869A_5_BETA_1998-10-05_00:00:00;IT112A;IT0869A;05/10/1998 00:00;01/01/2019 00:00;5;True;fixed;False;automatic;1
IT0869A_7_UV-P_1998-11-01_00:00:00;IT112A;IT0869A;01/11/1998 00:00;01/01/2019 00:00;7;True;fixed;False;automatic;1.2
IT0869A_8_chemi_1993-01-01_00:00:00;IT112A;IT0869A;01/01/1993 00:00;01/01/2019 00:00;8;True;fixed;False;automatic;1
IT0869A_9_chemi_1993-01-01_00:00:00;IT112A;IT0869A;01/01/1993 00:00;01/01/2019 00:00;9;False;fixed;False;automatic;0.07649
IT0870A_38_chemi_1994-01-01_00:00:00;IT112A;IT0870A;01/01/1994 00:00;01/01/2019 00:00;38;False;fixed;False;automatic;1
IT0870A_5_BETA_2005-07-15_00:00:00;IT112A;IT0870A;15/07/2005 00:00;01/01/2019 00:00;5;True;fixed;False;automatic;1
IT0870A_8_chemi_1994-01-01_00:00:00;IT112A;IT0870A;01/01/1994 00:00;01/01/2019 00:00;8;True;fixed;False;automatic;1
IT0870A_9_chemi_1994-01-01_00:00:00;IT112A;IT0870A;01/01/1994 00:00;01/01/2019 00:00;9;False;fixed;False;automatic;0.07524
IT0871A_10_NDIR_1997-10-01_00:00:00;IT112A;IT0871A;01/10/1997 00:00;01/01/2019 00:00;10;True;fixed;False;automatic;0.1
IT0871A_38_chemi_1992-07-01_00:00:00;IT112A;IT0871A;01/07/1992 00:00;01/01/2019 00:00;38;False;fixed;False;automatic;1
IT0871A_5_BETA_2010-06-23_00:00:00;IT112A;IT0871A;23/06/2010 00:00;01/01/2019 00:00;5;True;fixed;False;automatic;1
IT0871A_8_chemi_1992-07-01_00:00:00;IT112A;IT0871A;01/07/1992 00:00;01/01/2019 00:00;8;True;fixed;False;automatic;1
IT0871A_9_chemi_1992-07-01_00:00:00;IT112A;IT0871A;01/07/1992 00:00;01/01/2019 00:00;9;False;fixed;False;automatic;0.7649
IT0872A_38_chemi_1992-07-01_00:00:00;IT112A;IT0872A;01/07/1992 00:00;01/01/2019 00:00;38;False;fixed;False;automatic;1
IT0872A_5_BETA_2010-08-19_00:00:00;IT112A;IT0872A;19/08/2010 00:00;01/01/2019 00:00;5;True;fixed;False;automatic;1
IT0872A_8_chemi_1992-07-01_00:00:00;IT112A;IT0872A;01/07/1992 00:00;01/01/2019 00:00;8;True;fixed;False;automatic;1
IT0872A_9_chemi_1992-07-01_00:00:00;IT112A;IT0872A;01/07/1992 00:00;01/01/2019 00:00;9;False;fixed;False;automatic;0.07524
IT0884A_1_UV-FL_1993-05-25_00:00:00;IT112A;IT0884A;25/05/1993 00:00;01/01/2019 00:00;1;True;fixed;False;automatic;1.5
IT0884A_38_chemi_1993-05-25_00:00:00;IT112A;IT0884A;25/05/1993 00:00;01/01/2019 00:00;38;False;fixed;False;automatic;1
IT0884A_5_BETA_2008-11-03_00:00:00;IT112A;IT0884A;03/11/2008 00:00;01/01/2019 00:00;5;True;fixed;False;automatic;0.5
IT0884A_7_UV-P_2010-02-11_00:00:00;IT112A;IT0884A;11/02/2010 00:00;01/01/2019 00:00;7;True;fixed;False;automatic;1.2
IT0884A_8_chemi_1993-05-25_00:00:00;IT112A;IT0884A;25/05/1993 00:00;01/01/2019 00:00;8;True;fixed;False;automatic;1
IT0884A_9_chemi_1993-05-25_00:00:00;IT112A;IT0884A;25/05/1993 00:00;01/01/2019 00:00;9;False;fixed;False;automatic;0.07649
IT0885A_10_NDIR_1993-01-01_00:00:00;IT112A;IT0885A;01/01/1993 00:00;01/01/2019 00:00;10;True;fixed;False;automatic;0.1
IT0885A_1_UV-FL_1993-01-01_00:00:00;IT112A;IT0885A;01/01/1993 00:00;01/01/2019 00:00;1;True;fixed;False;automatic;1.1
IT0885A_38_chemi_1993-01-01_00:00:00;IT112A;IT0885A;01/01/1993 00:00;01/01/2019 00:00;38;False;fixed;False;automatic;1
IT0885A_5012_GF-AAS_2009-02-05_00:00:00;IT112A;IT0885A;05/02/2009 00:00;01/01/2019 00:00;5012;True;fixed;False;active;0.364
IT0885A_5014_GF-AAS_2009-02-25_00:00:00;IT112A;IT0885A;25/02/2009 00:00;01/01/2019 00:00;5014;True;fixed;False;active;0.091
IT0885A_5015_GF-AAS_2009-02-05_00:00:00;IT112A;IT0885A;05/02/2009 00:00;01/01/2019 00:00;5015;True;fixed;False;active;0.364
IT0885A_5018_GF-AAS_2009-02-05_00:00:00;IT112A;IT0885A;05/02/2009 00:00;01/01/2019 00:00;5018;True;fixed;False;active;0.182
IT0885A_5029_HPLC-FLD_2009-02-03_00:00:00;IT112A;IT0885A;03/02/2009 00:00;01/01/2019 00:00;5029;True;fixed;False;active;0.01
IT0885A_5_BETA_2005-04-01_00:00:00;IT112A;IT0885A;01/04/2005 00:00;01/01/2019 00:00;5;True;fixed;False;automatic;1
IT0885A_7_UV-P_2009-10-05_00:00:00;IT112A;IT0885A;05/10/2009 00:00;01/01/2019 00:00;7;True;fixed;False;automatic;1.2
IT0885A_8_chemi_1993-01-01_00:00:00;IT112A;IT0885A;01/01/1993 00:00;01/01/2019 00:00;8;True;fixed;False;automatic;1
IT0885A_9_chemi_1993-01-01_00:00:00;IT112A;IT0885A;01/01/1993 00:00;01/01/2019 00:00;9;False;fixed;False;automatic;0.07649
IT0887A_1_UV-FL_1993-01-01_00:00:00;IT112A;IT0887A;01/01/1993 00:00;01/01/2019 00:00;1;True;fixed;False;automatic;1.5
IT0887A_38_chemi_1993-01-01_00:00:00;IT112A;IT0887A;01/01/1993 00:00;01/01/2019 00:00;38;False;fixed;False;automatic;1
IT0887A_5_BETA_2005-08-31_00:00:00;IT112A;IT0887A;31/08/2005 00:00;01/01/2019 00:00;5;True;fixed;False;automatic;1
IT0887A_6001_BETA_2010-11-25_00:00:00;IT112A;IT0887A;25/11/2010 00:00;01/01/2019 00:00;6001;True;fixed;False;automatic;1
IT0887A_8_chemi_1993-01-01_00:00:00;IT112A;IT0887A;01/01/1993 00:00;01/01/2019 00:00;8;True;fixed;False;automatic;1
IT0887A_9_chemi_1993-01-01_00:00:00;IT112A;IT0887A;01/01/1993 00:00;01/01/2019 00:00;9;False;fixed;False;automatic;0.07649
IT0888A_10_NDIR_1993-01-08_00:00:00;IT112A;IT0888A;08/01/1993 00:00;01/01/2019 00:00;10;True;fixed;False;automatic;0.1
IT0888A_1_UV-FL_1993-01-08_00:00:00;IT112A;IT0888A;08/01/1993 00:00;01/01/2019 00:00;1;True;fixed;False;automatic;1.5
IT0888A_38_chemi_1993-01-08_00:00:00;IT112A;IT0888A;08/01/1993 00:00;01/01/2019 00:00;38;False;fixed;False;automatic;1
IT0888A_5_BETA_2011-02-25_00:00:00;IT112A;IT0888A;25/02/2011 00:00;01/01/2019 00:00;5;True;fixed;False;automatic;0.5
IT0888A_7_UV-P_1993-01-08_00:00:00;IT112A;IT0888A;08/01/1993 00:00;01/01/2019 00:00;7;True;fixed;False;automatic;1.2
IT0888A_8_chemi_1993-01-08_00:00:00;IT112A;IT0888A;08/01/1993 00:00;01/01/2019 00:00;8;True;fixed;False;automatic;1
IT0888A_9_chemi_1993-01-08_00:00:00;IT112A;IT0888A;08/01/1993 00:00;01/01/2019 00:00;9;False;fixed;False;automatic;0.7649
IT0889A_38_chemi_1993-01-01_00:00:00;IT112A;IT0889A;01/01/1993 00:00;01/01/2019 00:00;38;False;fixed;False;automatic;1
IT0889A_5012_GF-AAS_2010-01-10_00:00:00;IT112A;IT0889A;10/01/2010 00:00;01/01/2019 00:00;5012;True;fixed;False;active;0.364
IT0889A_5014_GF-AAS_2010-01-10_00:00:00;IT112A;IT0889A;10/01/2010 00:00;01/01/2019 00:00;5014;True;fixed;False;active;0.091
IT0889A_5015_GF-AAS_2010-01-10_00:00:00;IT112A;IT0889A;10/01/2010 00:00;01/01/2019 00:00;5015;True;fixed;False;active;0.364
IT0889A_5018_GF-AAS_2010-01-10_00:00:00;IT112A;IT0889A;10/01/2010 00:00;01/01/2019 00:00;5018;True;fixed;False;active;0.182
IT0889A_5029_HPLC-FLD_2009-02-03_00:00:00;IT112A;IT0889A;03/02/2009 00:00;01/01/2019 00:00;5029;True;fixed;False;active;0.01
IT0889A_5_BETA_2005-08-30_00:00:00;IT112A;IT0889A;30/08/2005 00:00;01/01/2019 00:00;5;True;fixed;False;automatic;1
IT0889A_8_chemi_1993-01-01_00:00:00;IT112A;IT0889A;01/01/1993 00:00;01/01/2019 00:00;8;True;fixed;False;automatic;1
IT0889A_9_chemi_1993-01-01_00:00:00;IT112A;IT0889A;01/01/1993 00:00;01/01/2019 00:00;9;False;fixed;False;automatic;0.7649
IT0952A_38_chemi_1997-01-03_00:00:00;IT112A;IT0952A;03/01/1997 00:00;01/01/2019 00:00;38;False;fixed;False;automatic;1
IT0952A_5_BETA_2010-07-26_00:00:00;IT112A;IT0952A;26/07/2010 00:00;01/01/2019 00:00;5;True;fixed;False;automatic;1
IT0952A_6001_BETA_2010-07-26_00:00:00;IT112A;IT0952A;26/07/2010 00:00;01/01/2019 00:00;6001;True;fixed;False;automatic;1
IT0952A_7_UV-P_1997-01-03_00:00:00;IT112A;IT0952A;03/01/1997 00:00;01/01/2019 00:00;7;True;fixed;False;automatic;1.2
IT0952A_8_chemi_1997-01-03_00:00:00;IT112A;IT0952A;03/01/1997 00:00;01/01/2019 00:00;8;True;fixed;False;automatic;1
IT0952A_9_chemi_1997-01-03_00:00:00;IT112A;IT0952A;03/01/1997 00:00;01/01/2019 00:00;9;False;fixed;False;automatic;0.07649
IT0953A_10_NDIR_1997-01-01_00:00:00;IT112A;IT0953A;01/01/1997 00:00;01/01/2019 00:00;10;True;fixed;False;automatic;0.1
IT0953A_1_UV-FL_1997-01-01_00:00:00;IT112A;IT0953A;01/01/1997 00:00;01/01/2019 00:00;1;True;fixed;False;automatic;1.1
IT0953A_20_GC-FID_1997-10-01_00:00:00;IT112A;IT0953A;01/10/1997 00:00;01/01/2019 00:00;20;True;fixed;False;automatic;0.3
IT0953A_21_GC-FID_1997-10-01_00:00:00;IT112A;IT0953A;01/10/1997 00:00;01/01/2019 00:00;21;False;fixed;False;automatic;0.1
IT0953A_38_chemi_1997-01-01_00:00:00;IT112A;IT0953A;01/01/1997 00:00;01/01/2019 00:00;38;False;fixed;False;automatic;1
IT0953A_431_other_1997-10-01_00:00:00;IT112A;IT0953A;01/10/1997 00:00;01/01/2019 00:00;431;False;fixed;False;automatic;0.1
IT0953A_464_other_1997-10-01_00:00:00;IT112A;IT0953A;01/10/1997 00:00;01/01/2019 00:00;464;False;fixed;False;automatic;0.1
IT0953A_482_other_1997-10-01_00:00:00;IT112A;IT0953A;01/10/1997 00:00;01/01/2019 00:00;482;False;fixed;False;automatic;0.1
IT0953A_5012_GF-AAS_2008-01-11_00:00:00;IT112A;IT0953A;11/01/2008 00:00;01/01/2019 00:00;5012;True;fixed;False;active;0.364
IT0953A_5014_GF-AAS_2008-01-11_00:00:00;IT112A;IT0953A;11/01/2008 00:00;01/01/2019 00:00;5014;True;fixed;False;active;0.091
IT0953A_5015_GF-AAS_2008-01-11_00:00:00;IT112A;IT0953A;11/01/2008 00:00;01/01/2019 00:00;5015;True;fixed;False;active;0.364
IT0953A_5018_GF-AAS_2008-01-11_00:00:00;IT112A;IT0953A;11/01/2008 00:00;01/01/2019 00:00;5018;True;fixed;False;active;0.182
IT0953A_5029_HPLC-FLD_2008-01-11_00:00:00;IT112A;IT0953A;11/01/2008 00:00;01/01/2019 00:00;5029;True;fixed;False;active;0.01
IT0953A_5_BETA_1997-10-01_00:00:00;IT112A;IT0953A;01/10/1997 00:00;01/01/2019 00:00;5;True;fixed;False;automatic;1
IT0953A_6001_BETA_2005-07-06_00:00:00;IT112A;IT0953A;06/07/2005 00:00;01/01/2019 00:00;6001;True;fixed;False;automatic;1
IT0953A_7_UV-P_1997-01-30_00:00:00;IT112A;IT0953A;30/01/1997 00:00;01/01/2019 00:00;7;True;fixed;False;automatic;1.2
IT0953A_8_chemi_1998-01-01_00:00:00;IT112A;IT0953A;01/01/1998 00:00;01/01/2019 00:00;8;True;fixed;False;automatic;1
IT0953A_9_chemi_1997-01-01_00:00:00;IT112A;IT0953A;01/01/1997 00:00;01/01/2019 00:00;9;False;fixed;False;automatic;0.7649
IT0956A_38_chemi_1998-01-13_00:00:00;IT112A;IT0956A;13/01/1998 00:00;01/01/2019 00:00;38;False;fixed;False;automatic;1
IT0956A_5012_GF-AAS_2005-08-02_00:00:00;IT112A;IT0956A;02/08/2005 00:00;01/01/2019 00:00;5012;True;fixed;False;active;0.364
IT0956A_5014_GF-AAS_2005-08-02_00:00:00;IT112A;IT0956A;02/08/2005 00:00;01/01/2019 00:00;5014;True;fixed;False;active;0.091
IT0956A_5015_GF-AAS_2005-08-02_00:00:00;IT112A;IT0956A;02/08/2005 00:00;01/01/2019 00:00;5015;True;fixed;False;active;0.364
IT0956A_5018_GF-AAS_2005-08-02_00:00:00;IT112A;IT0956A;02/08/2005 00:00;01/01/2019 00:00;5018;True;fixed;False;active;0.182
IT0956A_5029_HPLC-FLD_2005-01-03_00:00:00;IT112A;IT0956A;03/01/2005 00:00;01/01/2019 00:00;5029;True;fixed;False;active;0.01
IT0956A_5_BETA_2005-04-28_00:00:00;IT112A;IT0956A;28/04/2005 00:00;01/01/2019 00:00;5;True;fixed;False;automatic;1
IT0956A_6001_BETA_2010-06-03_00:00:00;IT112A;IT0956A;03/06/2010 00:00;01/01/2019 00:00;6001;True;fixed;False;automatic;1
IT0956A_7_UV-P_2006-06-01_00:00:00;IT112A;IT0956A;01/06/2006 00:00;01/01/2019 00:00;7;True;fixed;False;automatic;1.2
IT0956A_8_chemi_1998-01-13_00:00:00;IT112A;IT0956A;13/01/1998 00:00;01/01/2019 00:00;8;True;fixed;False;automatic;1
IT0956A_9_chemi_1998-01-13_00:00:00;IT112A;IT0956A;13/01/1998 00:00;01/01/2019 00:00;9;False;fixed;False;automatic;0.07649
IT0957A_38_chemi_1997-01-01_00:00:00;IT112A;IT0957A;01/01/1997 00:00;01/01/2019 00:00;38;False;fixed;False;automatic;1
IT0957A_5_BETA_2010-06-08_00:00:00;IT112A;IT0957A;08/06/2010 00:00;01/01/2019 00:00;5;True;fixed;False;automatic;1
IT0957A_6001_BETA_2010-06-08_00:00:00;IT112A;IT0957A;08/06/2010 00:00;01/01/2019 00:00;6001;True;fixed;False;automatic;1
IT0957A_7_UV-P_1997-02-06_00:00:00;IT112A;IT0957A;06/02/1997 00:00;01/01/2019 00:00;7;True;fixed;False;automatic;1.2
IT0957A_8_chemi_1997-01-01_00:00:00;IT112A;IT0957A;01/01/1997 00:00;01/01/2019 00:00;8;True;fixed;False;automatic;1
IT0957A_9_chemi_1997-01-01_00:00:00;IT112A;IT0957A;01/01/1997 00:00;01/01/2019 00:00;9;False;fixed;False;automatic;0.07649
IT0989A_38_chemi_1994-11-01_00:00:00;IT112A;IT0989A;01/11/1994 00:00;01/01/2019 00:00;38;False;fixed;False;automatic;1
IT0989A_5012_GF-AAS_2014-01-01_00:00:00;IT112A;IT0989A;01/01/2014 00:00;01/01/2019 00:00;5012;True;indicative;False;active;0.364
IT0989A_5014_GF-AAS_2014-01-01_00:00:00;IT112A;IT0989A;01/01/2014 00:00;01/01/2019 00:00;5014;True;indicative;False;active;0.16
IT0989A_5015_GF-AAS_2014-01-01_00:00:00;IT112A;IT0989A;01/01/2014 00:00;01/01/2019 00:00;5015;True;fixed;False;active;1.3
IT0989A_5018_GF-AAS_2014-01-01_00:00:00;IT112A;IT0989A;01/01/2014 00:00;01/01/2019 00:00;5018;True;fixed;False;active;0.8
IT0989A_5029_GC-MS_2014-01-01_00:00:00;IT112A;IT0989A;01/01/2014 00:00;01/01/2019 00:00;5029;True;fixed;False;active;0.01
IT0989A_5_BETA_2008-07-17_00:00:00;IT112A;IT0989A;17/07/2008 00:00;01/01/2019 00:00;5;True;fixed;False;automatic;1
IT0989A_6001_BETA_2010-06-19_00:00:00;IT112A;IT0989A;19/06/2010 00:00;01/01/2019 00:00;6001;True;fixed;False;automatic;1
IT0989A_7_UV-P_1994-11-01_00:00:00;IT112A;IT0989A;01/11/1994 00:00;01/01/2019 00:00;7;True;fixed;False;automatic;1.2
IT0989A_8_chemi_1994-11-01_00:00:00;IT112A;IT0989A;01/11/1994 00:00;01/01/2019 00:00;8;True;fixed;False;automatic;1
IT0989A_9_chemi_1994-11-01_00:00:00;IT112A;IT0989A;01/11/1994 00:00;01/01/2019 00:00;9;False;fixed;False;automatic;0.7649
IT0991A_10_IR-GFC_2010-05-28_00:00:00;IT112A;IT0991A;28/05/2010 00:00;01/01/2019 00:00;10;True;fixed;False;automatic;0.1
IT0991A_38_chemi_1995-01-01_00:00:00;IT112A;IT0991A;01/01/1995 00:00;01/01/2019 00:00;38;False;fixed;False;automatic;1
IT0991A_5_BETA_2010-07-02_00:00:00;IT112A;IT0991A;02/07/2010 00:00;01/01/2019 00:00;5;True;fixed;False;automatic;0.5
IT0991A_8_chemi_1995-01-01_00:00:00;IT112A;IT0991A;01/01/1995 00:00;01/01/2019 00:00;8;True;fixed;False;automatic;1
IT0991A_9_chemi_1995-01-01_00:00:00;IT112A;IT0991A;01/01/1995 00:00;01/01/2019 00:00;9;False;fixed;False;automatic;0.7649
IT0992A_38_chemi_1995-01-01_00:00:00;IT112A;IT0992A;01/01/1995 00:00;01/01/2019 00:00;38;False;fixed;False;automatic;1
IT0992A_5012_GF-AAS_2012-01-24_00:00:00;IT112A;IT0992A;24/01/2012 00:00;01/01/2019 00:00;5012;True;fixed;False;active;0.8
IT0992A_5014_GF-AAS_2012-01-24_00:00:00;IT112A;IT0992A;24/01/2012 00:00;01/01/2019 00:00;5014;True;fixed;False;active;0.01
IT0992A_5015_GF-AAS_2012-01-24_00:00:00;IT112A;IT0992A;24/01/2012 00:00;01/01/2019 00:00;5015;True;fixed;False;active;0.3
IT0992A_5018_GF-AAS_2012-01-24_00:00:00;IT112A;IT0992A;24/01/2012 00:00;01/01/2019 00:00;5018;True;fixed;False;active;0.3
IT0992A_5029_HPLC-FLD_2012-01-23_00:00:00;IT112A;IT0992A;23/01/2012 00:00;01/01/2019 00:00;5029;True;fixed;False;active;0.1
IT0992A_5_BETA_1999-11-08_00:00:00;IT112A;IT0992A;08/11/1999 00:00;01/01/2019 00:00;5;True;fixed;False;automatic;1
IT0992A_6001_BETA_2005-05-11_00:00:00;IT112A;IT0992A;11/05/2005 00:00;01/01/2019 00:00;6001;True;fixed;False;automatic;1
IT0992A_7_UV-P_1995-01-01_00:00:00;IT112A;IT0992A;01/01/1995 00:00;01/01/2019 00:00;7;True;fixed;False;automatic;1.2
IT0992A_8_chemi_1995-01-02_00:00:00;IT112A;IT0992A;02/01/1995 00:00;01/01/2019 00:00;8;True;fixed;False;automatic;1
IT0992A_9_chemi_1995-01-02_00:00:00;IT112A;IT0992A;02/01/1995 00:00;01/01/2019 00:00;9;False;fixed;False;automatic;0.07649
IT1176A_38_chemi_1998-03-17_00:00:00;IT112A;IT1176A;17/03/1998 00:00;01/01/2019 00:00;38;False;fixed;False;automatic;1
IT1176A_5_nephelometry_beta_2005-04-28_00:00:00;IT112A;IT1176A;28/04/2005 00:00;01/01/2019 00:00;5;True;fixed;False;automatic;1
IT1176A_7_UV-P_1998-03-17_00:00:00;IT112A;IT1176A;17/03/1998 00:00;01/01/2019 00:00;7;True;fixed;False;automatic;1.2
IT1176A_8_chemi_1998-03-17_00:00:00;IT112A;IT1176A;17/03/1998 00:00;01/01/2019 00:00;8;True;fixed;False;automatic;1
IT1176A_9_chemi_1998-03-17_00:00:00;IT112A;IT1176A;17/03/1998 00:00;01/01/2019 00:00;9;False;fixed;False;automatic;0.07649
IT1183A_1_UV-FL_1998-07-03_00:00:00;IT112A;IT1183A;03/07/1998 00:00;01/01/2019 00:00;1;True;fixed;False;automatic;1.5
IT1183A_38_chemi_1998-07-03_00:00:00;IT112A;IT1183A;03/07/1998 00:00;01/01/2019 00:00;38;False;fixed;False;automatic;1
IT1183A_5_BETA_2007-01-31_00:00:00;IT112A;IT1183A;31/01/2007 00:00;01/01/2019 00:00;5;True;fixed;False;automatic;1
IT1183A_6001_BETA_2010-07-03_00:00:00;IT112A;IT1183A;03/07/2010 00:00;01/01/2019 00:00;6001;True;fixed;False;automatic;1
IT1183A_8_chemi_1998-07-03_00:00:00;IT112A;IT1183A;03/07/1998 00:00;01/01/2019 00:00;8;True;fixed;False;automatic;1
IT1183A_9_chemi_1998-07-03_00:00:00;IT112A;IT1183A;03/07/1998 00:00;01/01/2019 00:00;9;False;fixed;False;automatic;0.07649
IT1184A_38_chemi_1998-07-09_00:00:00;IT112A;IT1184A;09/07/1998 00:00;01/01/2019 00:00;38;False;fixed;False;automatic;1
IT1184A_5_BETA_2010-06-25_00:00:00;IT112A;IT1184A;25/06/2010 00:00;01/01/2019 00:00;5;True;fixed;False;automatic;1
IT1184A_6001_BETA_2010-06-25_00:00:00;IT112A;IT1184A;25/06/2010 00:00;01/01/2019 00:00;6001;True;fixed;False;automatic;1
IT1184A_8_chemi_1998-07-09_00:00:00;IT112A;IT1184A;09/07/1998 00:00;01/01/2019 00:00;8;True;fixed;False;automatic;1
IT1184A_9_chemi_1998-07-09_00:00:00;IT112A;IT1184A;09/07/1998 00:00;01/01/2019 00:00;9;False;fixed;False;automatic;0.07649
IT1200A_10_NDIR_1998-12-29_00:00:00;IT112A;IT1200A;29/12/1998 00:00;01/01/2019 00:00;10;True;fixed;False;automatic;0.1
IT1200A_20_GC-FID_2000-06-22_00:00:00;IT112A;IT1200A;22/06/2000 00:00;01/01/2019 00:00;20;True;fixed;False;automatic;0.1
IT1200A_21_GC-FID_2000-06-22_00:00:00;IT112A;IT1200A;22/06/2000 00:00;01/01/2019 00:00;21;False;fixed;False;automatic;0.1
IT1200A_38_chemi_1998-12-29_00:00:00;IT112A;IT1200A;29/12/1998 00:00;01/01/2019 00:00;38;False;fixed;False;automatic;1
IT1200A_431_GC-FID_2000-06-22_00:00:00;IT112A;IT1200A;22/06/2000 00:00;01/01/2019 00:00;431;False;fixed;False;automatic;0.1
IT1200A_464_GC-FID_2000-06-22_00:00:00;IT112A;IT1200A;22/06/2000 00:00;01/01/2019 00:00;464;False;fixed;False;automatic;0.1
IT1200A_482_GC-FID_2000-06-22_00:00:00;IT112A;IT1200A;22/06/2000 00:00;01/01/2019 00:00;482;False;fixed;False;automatic;0.1
IT1200A_5012_GF-AAS_2012-01-24_00:00:00;IT112A;IT1200A;24/01/2012 00:00;01/01/2019 00:00;5012;True;fixed;False;active;0.8
IT1200A_5014_GF-AAS_2012-01-24_00:00:00;IT112A;IT1200A;24/01/2012 00:00;01/01/2019 00:00;5014;True;fixed;False;active;0.01
IT1200A_5015_GF-AAS_2012-01-24_00:00:00;IT112A;IT1200A;24/01/2012 00:00;01/01/2019 00:00;5015;True;fixed;False;active;0.3
IT1200A_5018_GF-AAS_2012-01-24_00:00:00;IT112A;IT1200A;24/01/2012 00:00;01/01/2019 00:00;5018;True;fixed;False;active;0.3
IT1200A_5029_HPLC-FLD_2012-01-24_00:00:00;IT112A;IT1200A;24/01/2012 00:00;01/01/2019 00:00;5029;True;fixed;False;active;0.1
IT1200A_5_BETA_1998-12-29_00:00:00;IT112A;IT1200A;29/12/1998 00:00;01/01/2019 00:00;5;True;fixed;False;automatic;1
IT1200A_8_chemi_1998-12-29_00:00:00;IT112A;IT1200A;29/12/1998 00:00;01/01/2019 00:00;8;True;fixed;False;automatic;1
IT1200A_9_chemi_1998-12-29_00:00:00;IT112A;IT1200A;29/12/1998 00:00;01/01/2019 00:00;9;False;fixed;False;automatic;0.07649
IT1834A_38_chemi_2006-12-06_00:00:00;IT112A;IT1834A;06/12/2006 00:00;01/01/2019 00:00;38;False;fixed;False;automatic;1
IT1834A_5_BETA_2006-12-06_00:00:00;IT112A;IT1834A;06/12/2006 00:00;01/01/2019 00:00;5;True;fixed;False;automatic;0.5
IT1834A_8_chemi_2006-12-06_00:00:00;IT112A;IT1834A;06/12/2006 00:00;01/01/2019 00:00;8;True;fixed;False;automatic;1
IT1834A_9_chemi_2006-12-06_00:00:00;IT112A;IT1834A;06/12/2006 00:00;01/01/2019 00:00;9;False;fixed;False;automatic;0.07649
IT1835A_1_UV-FL_2006-12-06_00:00:00;IT112A;IT1835A;06/12/2006 00:00;01/01/2019 00:00;1;True;fixed;False;automatic;1.5
IT1835A_38_chemi_2006-12-06_00:00:00;IT112A;IT1835A;06/12/2006 00:00;01/01/2019 00:00;38;False;fixed;False;automatic;1
IT1835A_5_BETA_2006-12-06_00:00:00;IT112A;IT1835A;06/12/2006 00:00;01/01/2019 00:00;5;True;fixed;False;automatic;0.5
IT1835A_7_UV-P_2006-12-06_00:00:00;IT112A;IT1835A;06/12/2006 00:00;01/01/2019 00:00;7;True;fixed;False;automatic;1.2
IT1835A_8_chemi_2006-12-06_00:00:00;IT112A;IT1835A;06/12/2006 00:00;01/01/2019 00:00;8;True;fixed;False;automatic;1
IT1835A_9_chemi_2006-12-06_00:00:00;IT112A;IT1835A;06/12/2006 00:00;01/01/2019 00:00;9;False;fixed;False;automatic;0.07649
IT1836A_38_chemi_2006-12-17_00:00:00;IT112A;IT1836A;17/12/2006 00:00;01/01/2019 00:00;38;False;fixed;False;automatic;1
IT1836A_5_BETA_2006-12-17_00:00:00;IT112A;IT1836A;17/12/2006 00:00;01/01/2019 00:00;5;True;fixed;False;automatic;1
IT1836A_6001_BETA_2006-12-17_00:00:00;IT112A;IT1836A;17/12/2006 00:00;01/01/2019 00:00;6001;True;fixed;False;automatic;1
IT1836A_7_UV-P_2006-12-17_00:00:00;IT112A;IT1836A;17/12/2006 00:00;01/01/2019 00:00;7;True;fixed;False;automatic;1.2
IT1836A_8_chemi_2006-12-17_00:00:00;IT112A;IT1836A;17/12/2006 00:00;01/01/2019 00:00;8;True;fixed;False;automatic;1
IT1836A_9_chemi_2006-12-17_00:00:00;IT112A;IT1836A;17/12/2006 00:00;01/01/2019 00:00;9;False;fixed;False;automatic;0.07649
IT1837A_10_NDIR_2006-12-17_00:00:00;IT112A;IT1837A;17/12/2006 00:00;01/01/2019 00:00;10;True;fixed;False;automatic;0.1
IT1837A_20_GC-PID_2006-12-17_00:00:00;IT112A;IT1837A;17/12/2006 00:00;01/01/2019 00:00;20;True;fixed;False;automatic;0.1
IT1837A_21_other_2006-12-17_00:00:00;IT112A;IT1837A;17/12/2006 00:00;01/01/2019 00:00;21;False;fixed;False;automatic;0.1
IT1837A_38_chemi_2006-12-17_00:00:00;IT112A;IT1837A;17/12/2006 00:00;01/01/2019 00:00;38;False;fixed;False;automatic;1
IT1837A_431_other_2006-12-17_00:00:00;IT112A;IT1837A;17/12/2006 00:00;01/01/2019 00:00;431;False;fixed;False;automatic;0.1
IT1837A_464_other_2006-12-17_00:00:00;IT112A;IT1837A;17/12/2006 00:00;01/01/2019 00:00;464;False;fixed;False;automatic;0.1
IT1837A_482_other_2006-12-17_00:00:00;IT112A;IT1837A;17/12/2006 00:00;01/01/2019 00:00;482;False;fixed;False;automatic;0.1
IT1837A_5_BETA_2006-12-17_00:00:00;IT112A;IT1837A;17/12/2006 00:00;01/01/2019 00:00;5;True;fixed;False;automatic;0.5
IT1837A_8_chemi_2006-12-17_00:00:00;IT112A;IT1837A;17/12/2006 00:00;01/01/2019 00:00;8;True;fixed;False;automatic;1
IT1837A_9_chemi_2006-12-17_00:00:00;IT112A;IT1837A;17/12/2006 00:00;01/01/2019 00:00;9;False;fixed;False;automatic;0.7649
IT1841A_20_GC-PID_2006-12-04_00:00:00;IT112A;IT1841A;04/12/2006 00:00;01/01/2019 00:00;20;True;fixed;False;automatic;0.1
IT1841A_21_other_2006-12-04_00:00:00;IT112A;IT1841A;04/12/2006 00:00;01/01/2019 00:00;21;False;fixed;False;automatic;0.1
IT1841A_38_chemi_2006-12-04_00:00:00;IT112A;IT1841A;04/12/2006 00:00;01/01/2019 00:00;38;False;fixed;False;automatic;1
IT1841A_431_other_2006-12-04_00:00:00;IT112A;IT1841A;04/12/2006 00:00;01/01/2019 00:00;431;False;fixed;False;automatic;0.1
IT1841A_464_other_2006-12-04_00:00:00;IT112A;IT1841A;04/12/2006 00:00;01/01/2019 00:00;464;False;fixed;False;automatic;0.1
IT1841A_482_other_2006-12-04_00:00:00;IT112A;IT1841A;04/12/2006 00:00;01/01/2019 00:00;482;False;fixed;False;automatic;0.1
IT1841A_5012_GF-AAS_2010-01-12_00:00:00;IT112A;IT1841A;12/01/2010 00:00;01/01/2019 00:00;5012;True;fixed;False;active;0.364
IT1841A_5014_GF-AAS_2010-01-12_00:00:00;IT112A;IT1841A;12/01/2010 00:00;01/01/2019 00:00;5014;True;fixed;False;active;0.091
IT1841A_5015_GF-AAS_2010-01-12_00:00:00;IT112A;IT1841A;12/01/2010 00:00;01/01/2019 00:00;5015;True;fixed;False;active;0.364
IT1841A_5018_GF-AAS_2010-01-12_00:00:00;IT112A;IT1841A;12/01/2010 00:00;01/01/2019 00:00;5018;True;fixed;False;active;0.182
IT1841A_5029_HPLC-FLD_2010-01-12_00:00:00;IT112A;IT1841A;12/01/2010 00:00;01/01/2019 00:00;5029;True;fixed;False;active;0.01
IT1841A_5_BETA_2006-12-04_00:00:00;IT112A;IT1841A;04/12/2006 00:00;01/01/2019 00:00;5;True;fixed;False;automatic;1
IT1841A_8_chemi_2006-12-04_00:00:00;IT112A;IT1841A;04/12/2006 00:00;01/01/2019 00:00;8;True;fixed;False;automatic;1
IT1841A_9_chemi_2006-12-04_00:00:00;IT112A;IT1841A;04/12/2006 00:00;01/01/2019 00:00;9;False;fixed;False;automatic;0.07649
IT1906A_38_chemi_2008-02-03_00:00:00;IT112A;IT1906A;03/02/2008 00:00;01/01/2019 00:00;38;False;fixed;False;automatic;1
IT1906A_5_BETA_2008-02-03_00:00:00;IT112A;IT1906A;03/02/2008 00:00;01/01/2019 00:00;5;True;fixed;False;automatic;0.5
IT1906A_6001_BETA_2008-02-03_00:00:00;IT112A;IT1906A;03/02/2008 00:00;01/01/2019 00:00;6001;True;fixed;False;automatic;0.5
IT1906A_7_UV-P_2009-11-29_00:00:00;IT112A;IT1906A;29/11/2009 00:00;01/01/2019 00:00;7;True;fixed;False;automatic;1.2
IT1906A_8_chemi_2008-02-03_00:00:00;IT112A;IT1906A;03/02/2008 00:00;01/01/2019 00:00;8;True;fixed;False;automatic;1
IT1906A_9_chemi_2008-02-03_00:00:00;IT112A;IT1906A;03/02/2008 00:00;01/01/2019 00:00;9;False;fixed;False;automatic;0.07649
IT2012A_1_UV-FL_2010-10-03_00:00:00;IT112A;IT2012A;03/10/2010 00:00;01/01/2019 00:00;1;True;fixed;False;automatic;1.5
IT2012A_20_GC-PID_2010-02-24_00:00:00;IT112A;IT2012A;24/02/2010 00:00;01/01/2019 00:00;20;True;fixed;False;automatic;0.1
IT2012A_21_other_2010-02-24_00:00:00;IT112A;IT2012A;24/02/2010 00:00;01/01/2019 00:00;21;False;fixed;False;automatic;0.1
IT2012A_38_chemi_2010-02-25_00:00:00;IT112A;IT2012A;25/02/2010 00:00;01/01/2019 00:00;38;False;fixed;False;automatic;1
IT2012A_431_other_2010-02-24_00:00:00;IT112A;IT2012A;24/02/2010 00:00;01/01/2019 00:00;431;False;fixed;False;automatic;0.1
IT2012A_464_other_2010-02-24_00:00:00;IT112A;IT2012A;24/02/2010 00:00;01/01/2019 00:00;464;False;fixed;False;automatic;0.1
IT2012A_482_other_2010-02-24_00:00:00;IT112A;IT2012A;24/02/2010 00:00;01/01/2019 00:00;482;False;fixed;False;automatic;0.1
IT2012A_5_BETA_2010-06-01_00:00:00;IT112A;IT2012A;01/06/2010 00:00;01/01/2019 00:00;5;True;fixed;False;automatic;1
IT2012A_6001_BETA_2010-06-06_00:00:00;IT112A;IT2012A;06/06/2010 00:00;01/01/2019 00:00;6001;True;fixed;False;automatic;1
IT2012A_7_UV-P_2010-02-22_00:00:00;IT112A;IT2012A;22/02/2010 00:00;01/01/2019 00:00;7;True;fixed;False;automatic;1.2
IT2012A_8_chemi_2010-02-25_00:00:00;IT112A;IT2012A;25/02/2010 00:00;01/01/2019 00:00;8;True;fixed;False;automatic;1
IT2012A_9_chemi_2010-02-25_00:00:00;IT112A;IT2012A;25/02/2010 00:00;01/01/2019 00:00;9;False;fixed;False;automatic;0.07649
IT2013A_10_IR-GFC_2010-09-05_00:00:00;IT112A;IT2013A;05/09/2010 00:00;01/01/2019 00:00;10;True;fixed;False;automatic;0.1
IT2013A_1_UV-FL_2010-09-05_00:00:00;IT112A;IT2013A;05/09/2010 00:00;01/01/2019 00:00;1;True;fixed;False;automatic;1.5
IT2013A_38_chemi_2010-09-05_00:00:00;IT112A;IT2013A;05/09/2010 00:00;01/01/2019 00:00;38;False;fixed;False;automatic;1
IT2013A_5_BETA_2010-09-05_00:00:00;IT112A;IT2013A;05/09/2010 00:00;01/01/2019 00:00;5;True;fixed;False;automatic;1
IT2013A_6001_BETA_2010-09-05_00:00:00;IT112A;IT2013A;05/09/2010 00:00;01/01/2019 00:00;6001;True;fixed;False;automatic;1
IT2013A_7_UV-P_2010-09-05_00:00:00;IT112A;IT2013A;05/09/2010 00:00;01/01/2019 00:00;7;True;fixed;False;automatic;1.2
IT2013A_8_chemi_2010-09-05_00:00:00;IT112A;IT2013A;05/09/2010 00:00;01/01/2019 00:00;8;True;fixed;False;automatic;1
IT2013A_9_chemi_2010-09-05_00:00:00;IT112A;IT2013A;05/09/2010 00:00;01/01/2019 00:00;9;False;fixed;False;automatic;0.07649
IT2023A_38_chemi_2010-07-24_00:00:00;IT112A;IT2023A;24/07/2010 00:00;01/01/2019 00:00;38;False;fixed;False;automatic;1
IT2023A_5_BETA_2010-07-22_00:00:00;IT112A;IT2023A;22/07/2010 00:00;01/01/2019 00:00;5;True;fixed;False;automatic;1
IT2023A_6001_BETA_2010-07-22_00:00:00;IT112A;IT2023A;22/07/2010 00:00;01/01/2019 00:00;6001;True;fixed;False;automatic;1
IT2023A_7_UV-P_2010-07-22_00:00:00;IT112A;IT2023A;22/07/2010 00:00;01/01/2019 00:00;7;True;fixed;False;automatic;1.2
IT2023A_8_chemi_2010-07-24_00:00:00;IT112A;IT2023A;24/07/2010 00:00;01/01/2019 00:00;8;True;fixed;False;automatic;1
IT2023A_9_chemi_2010-07-24_00:00:00;IT112A;IT2023A;24/07/2010 00:00;01/01/2019 00:00;9;False;fixed;False;automatic;0.7649
IT2171A_10_NDIR_2013-03-21_00:00:00;IT112A;IT2171A;21/03/2013 00:00;01/01/2019 00:00;10;False;fixed;False;automatic;0.1
IT2171A_38_chemi_2013-03-21_00:00:00;IT112A;IT2171A;21/03/2013 00:00;01/01/2019 00:00;38;False;fixed;False;automatic;1
IT2171A_8_chemi_2013-03-21_00:00:00;IT112A;IT2171A;21/03/2013 00:00;01/01/2019 00:00;8;True;fixed;False;automatic;1
IT2171A_9_chemi_2013-03-21_00:00:00;IT112A;IT2171A;21/03/2013 00:00;01/01/2019 00:00;9;False;fixed;False;automatic;0.07649
IT2172A_38_chemi_2012-10-30_00:00:00;IT112A;IT2172A;30/10/2012 00:00;01/01/2019 00:00;38;False;fixed;False;automatic;1
IT2172A_5_BETA_2012-10-30_00:00:00;IT112A;IT2172A;30/10/2012 00:00;01/01/2019 00:00;5;True;fixed;False;automatic;1
IT2172A_7_UV-P_2012-10-30_00:00:00;IT112A;IT2172A;30/10/2012 00:00;01/01/2019 00:00;7;False;fixed;False;automatic;1.2
IT2172A_8_chemi_2012-10-30_00:00:00;IT112A;IT2172A;30/10/2012 00:00;01/01/2019 00:00;8;True;fixed;False;automatic;1
IT2172A_9_chemi_2012-10-30_00:00:00;IT112A;IT2172A;30/10/2012 00:00;01/01/2019 00:00;9;False;fixed;False;automatic;0.07649
IT2173A_1_UV-FL_2013-10-07_00:00:00;IT112A;IT2173A;07/10/2013 00:00;01/01/2019 00:00;1;False;fixed;False;automatic;1.5
IT2173A_38_chemi_2013-10-09_00:00:00;IT112A;IT2173A;09/10/2013 00:00;01/01/2019 00:00;38;False;fixed;False;automatic;1
IT2173A_5_BETA_2013-10-09_00:00:00;IT112A;IT2173A;09/10/2013 00:00;01/01/2019 00:00;5;True;fixed;False;automatic;1
IT2173A_7_UV-P_2013-10-09_00:00:00;IT112A;IT2173A;09/10/2013 00:00;01/01/2019 00:00;7;True;fixed;False;automatic;1.2
IT2173A_8_chemi_2013-10-09_00:00:00;IT112A;IT2173A;09/10/2013 00:00;01/01/2019 00:00;8;True;fixed;False;automatic;1
IT2173A_9_chemi_2013-10-09_00:00:00;IT112A;IT2173A;09/10/2013 00:00;01/01/2019 00:00;9;False;fixed;False;automatic;0.07649
IT2174A_10_IR-GFC_2013-12-18_00:00:00;IT112A;IT2174A;18/12/2013 00:00;01/01/2019 00:00;10;True;fixed;False;automatic;0.1
IT2174A_20_GC-FID_2013-12-18_00:00:00;IT112A;IT2174A;18/12/2013 00:00;01/01/2019 00:00;20;True;fixed;False;automatic;0.3
IT2174A_21_GC-FID_2013-12-18_00:00:00;IT112A;IT2174A;18/12/2013 00:00;01/01/2019 00:00;21;False;fixed;False;automatic;0.08
IT2174A_38_chemi_2013-12-18_00:00:00;IT112A;IT2174A;18/12/2013 00:00;01/01/2019 00:00;38;False;fixed;False;automatic;1
IT2174A_431_GC-FID_2013-12-18_00:00:00;IT112A;IT2174A;18/12/2013 00:00;01/01/2019 00:00;431;False;fixed;False;automatic;0.088
IT2174A_464_GC-FID_2013-12-18_00:00:00;IT112A;IT2174A;18/12/2013 00:00;01/01/2019 00:00;464;False;fixed;False;automatic;0.1
IT2174A_482_GC-FID_2013-12-18_00:00:00;IT112A;IT2174A;18/12/2013 00:00;01/01/2019 00:00;482;False;fixed;False;automatic;0.1
IT2174A_5_BETA_2013-12-18_00:00:00;IT112A;IT2174A;18/12/2013 00:00;01/01/2019 00:00;5;True;fixed;False;automatic;0.5
IT2174A_8_chemi_2013-12-18_00:00:00;IT112A;IT2174A;18/12/2013 00:00;01/01/2019 00:00;8;True;fixed;False;automatic;1
IT2174A_9_chemi_2013-12-18_00:00:00;IT112A;IT2174A;18/12/2013 00:00;01/01/2019 00:00;9;False;fixed;False;automatic;0.7649
IT2175A_1_UV-FL_2014-05-29_00:00:00;IT112A;IT2175A;29/05/2014 00:00;01/01/2019 00:00;1;True;fixed;False;automatic;1.5
IT2175A_38_chemi_2014-05-29_00:00:00;IT112A;IT2175A;29/05/2014 00:00;01/01/2019 00:00;38;False;fixed;False;automatic;1
IT2175A_5_BETA_2014-05-29_00:00:00;IT112A;IT2175A;29/05/2014 00:00;01/01/2019 00:00;5;True;fixed;False;automatic;0.5
IT2175A_8_chemi_2014-05-29_00:00:00;IT112A;IT2175A;29/05/2014 00:00;01/01/2019 00:00;8;True;fixed;False;automatic;1
IT2175A_9_chemi_2014-05-29_00:00:00;IT112A;IT2175A;29/05/2014 00:00;01/01/2019 00:00;9;False;fixed;False;automatic;0.7649
IT2246A_38_chemi_2016-01-01_00:00:00;IT112A;IT2246A;01/01/2016 00:00;01/01/2019 00:00;38;False;fixed;False;automatic;1
IT2246A_5_BETA_2016-01-01_00:00:00;IT112A;IT2246A;01/01/2016 00:00;01/01/2019 00:00;5;False;fixed;False;automatic;1
IT2246A_8_chemi_2016-01-01_00:00:00;IT112A;IT2246A;01/01/2016 00:00;01/01/2019 00:00;8;False;fixed;False;automatic;1
IT2248A_38_chemi_2016-05-17_00:00:00;IT112A;IT2248A;17/05/2016 00:00;01/01/2019 00:00;38;False;fixed;False;automatic;1
IT2248A_5_BETA_2016-05-17_00:00:00;IT112A;IT2248A;17/05/2016 00:00;01/01/2019 00:00;5;False;fixed;False;automatic;1
IT2248A_8_chemi_2016-05-17_00:00:00;IT112A;IT2248A;17/05/2016 00:00;01/01/2019 00:00;8;False;fixed;False;automatic;1
IT2249A_38_chemi_2016-05-19_00:00:00;IT112A;IT2249A;19/05/2016 00:00;01/01/2019 00:00;38;False;fixed;False;automatic;1
IT2249A_5_BETA_2016-06-18_00:00:00;IT112A;IT2249A;18/06/2016 00:00;01/01/2019 00:00;5;False;fixed;False;automatic;1
IT2249A_7_UV-P_2016-05-19_00:00:00;IT112A;IT2249A;19/05/2016 00:00;01/01/2019 00:00;7;False;fixed;False;automatic;2
IT2249A_8_chemi_2016-05-19_00:00:00;IT112A;IT2249A;19/05/2016 00:00;01/01/2019 00:00;8;False;fixed;False;automatic;1
IT2250A_10_IR-GFC_2016-05-06_00:00:00;IT112A;IT2250A;06/05/2016 00:00;01/01/2019 00:00;10;False;fixed;False;automatic;0.1
IT2250A_1_UV-FL_2016-05-06_00:00:00;IT112A;IT2250A;06/05/2016 00:00;01/01/2019 00:00;1;False;fixed;False;automatic;1.5
IT2250A_38_chemi_2016-05-06_00:00:00;IT112A;IT2250A;06/05/2016 00:00;01/01/2019 00:00;38;False;fixed;False;automatic;1
IT2250A_5_BETA_2016-05-11_00:00:00;IT112A;IT2250A;11/05/2016 00:00;01/01/2019 00:00;5;False;fixed;False;automatic;1
IT2250A_6001_BETA_2016-05-11_00:00:00;IT112A;IT2250A;11/05/2016 00:00;01/01/2019 00:00;6001;False;fixed;False;automatic;1
IT2250A_8_chemi_2016-05-06_00:00:00;IT112A;IT2250A;06/05/2016 00:00;01/01/2019 00:00;8;False;fixed;False;automatic;1
IT2251A_1_UV-FL_2016-05-14_00:00:00;IT112A;IT2251A;14/05/2016 00:00;01/01/2019 00:00;1;False;fixed;False;automatic;1.5
IT2251A_38_chemi_2016-05-14_00:00:00;IT112A;IT2251A;14/05/2016 00:00;01/01/2019 00:00;38;False;fixed;False;automatic;1
IT2251A_5_BETA_2016-05-14_00:00:00;IT112A;IT2251A;14/05/2016 00:00;01/01/2019 00:00;5;False;fixed;False;automatic;1
IT2251A_6001_BETA_2016-05-28_00:00:00;IT112A;IT2251A;28/05/2016 00:00;01/01/2019 00:00;6001;False;fixed;False;automatic;1
IT2251A_8_chemi_2016-05-14_00:00:00;IT112A;IT2251A;14/05/2016 00:00;01/01/2019 00:00;8;False;fixed;False;automatic;1
IT2252A_1_UV-FL_2016-05-18_00:00:00;IT112A;IT2252A;18/05/2016 00:00;01/01/2019 00:00;1;False;fixed;False;automatic;1.5
IT2252A_38_chemi_2016-05-18_00:00:00;IT112A;IT2252A;18/05/2016 00:00;01/01/2019 00:00;38;False;fixed;False;automatic;1
IT2252A_8_chemi_2016-05-18_00:00:00;IT112A;IT2252A;18/05/2016 00:00;01/01/2019 00:00;8;False;fixed;False;automatic;1
IT2253A_38_chemi_2016-06-01_00:00:00;IT112A;IT2253A;01/06/2016 00:00;01/01/2019 00:00;38;False;fixed;False;automatic;1
IT2253A_5_BETA_2016-06-01_00:00:00;IT112A;IT2253A;01/06/2016 00:00;01/01/2019 00:00;5;False;fixed;False;automatic;1
IT2253A_8_chemi_2016-06-01_00:00:00;IT112A;IT2253A;01/06/2016 00:00;01/01/2019 00:00;8;False;fixed;False;automatic;1
IT2254A_1_UV-FL_2016-06-02_00:00:00;IT112A;IT2254A;02/06/2016 00:00;01/01/2019 00:00;1;False;fixed;False;automatic;1.5
IT2254A_38_chemi_2016-06-28_00:00:00;IT112A;IT2254A;28/06/2016 00:00;01/01/2019 00:00;38;False;fixed;False;automatic;1
IT2254A_5_BETA_2016-06-14_00:00:00;IT112A;IT2254A;14/06/2016 00:00;01/01/2019 00:00;5;False;fixed;False;automatic;1
IT2254A_6001_BETA_2016-06-02_00:00:00;IT112A;IT2254A;02/06/2016 00:00;01/01/2019 00:00;6001;False;fixed;False;automatic;1
IT2254A_7_UV-P_2016-06-02_00:00:00;IT112A;IT2254A;02/06/2016 00:00;01/01/2019 00:00;7;False;fixed;False;automatic;2
IT2254A_8_chemi_2016-06-02_00:00:00;IT112A;IT2254A;02/06/2016 00:00;01/01/2019 00:00;8;False;fixed;False;automatic;1
IT2255A_38_chemi_2016-05-17_00:00:00;IT112A;IT2255A;17/05/2016 00:00;01/01/2019 00:00;38;False;fixed;False;automatic;1
IT2255A_5_BETA_2016-05-15_00:00:00;IT112A;IT2255A;15/05/2016 00:00;01/01/2019 00:00;5;False;fixed;False;automatic;1
IT2255A_8_chemi_2016-05-17_00:00:00;IT112A;IT2255A;17/05/2016 00:00;01/01/2019 00:00;8;False;fixed;False;automatic;1
IT2256A_1_UV-FL_2016-05-04_00:00:00;IT112A;IT2256A;04/05/2016 00:00;17/01/2017 00:00;1;False;fixed;False;automatic;1.5
IT2256A_38_chemi_2016-05-05_00:00:00;IT112A;IT2256A;05/05/2016 00:00;17/01/2017 00:00;38;False;fixed;False;automatic;1
IT2256A_5_BETA_2016-05-11_00:00:00;IT112A;IT2256A;11/05/2016 00:00;17/01/2017 00:00;5;False;fixed;False;automatic;1
IT2256A_8_chemi_2016-05-05_00:00:00;IT112A;IT2256A;05/05/2016 00:00;17/01/2017 00:00;8;False;fixed;False;automatic;1
IT2257A_38_chemi_2016-05-14_00:00:00;IT112A;IT2257A;14/05/2016 00:00;01/01/2019 00:00;38;False;fixed;False;automatic;1
IT2257A_5_BETA_2016-05-26_00:00:00;IT112A;IT2257A;26/05/2016 00:00;01/01/2019 00:00;5;False;fixed;False;automatic;1
IT2257A_8_chemi_2016-05-14_00:00:00;IT112A;IT2257A;14/05/2016 00:00;01/01/2019 00:00;8;False;fixed;False;automatic;1
IT2264A_1_UV-FL_2012-05-06_00:00:00;IT112A;IT2264A;06/05/2012 00:00;01/01/2019 00:00;1;False;fixed;False;automatic;1.1
IT2264A_38_chemi_2012-05-06_00:00:00;IT112A;IT2264A;06/05/2012 00:00;01/01/2019 00:00;38;False;fixed;False;automatic;1
IT2264A_5_BETA_2012-05-06_00:00:00;IT112A;IT2264A;06/05/2012 00:00;01/01/2019 00:00;5;False;fixed;False;automatic;0.5
IT2264A_8_chemi_2012-05-06_00:00:00;IT112A;IT2264A;06/05/2012 00:00;01/01/2019 00:00;8;False;fixed;False;automatic;1
IT2265A_38_chemi_2012-10-01_00:00:00;IT112A;IT2265A;01/10/2012 00:00;01/01/2019 00:00;38;False;fixed;False;automatic;1
IT2265A_7_UV-P_2012-10-02_00:00:00;IT112A;IT2265A;02/10/2012 00:00;01/01/2019 00:00;7;False;fixed;False;automatic;1.2
IT2265A_8_chemi_2012-10-01_00:00:00;IT112A;IT2265A;01/10/2012 00:00;01/01/2019 00:00;8;False;fixed;False;automatic;1
IT2250A_20_GC-FID_2017-10-03_00:00:00;IT112A;IT2250A;03/10/2017 00:00;01/01/2019 00:00;20;False;fixed;False;automatic;0.1
